Model,Mean Squared Error,Roll Number
Linear Regression,0.10616295970431405,102218026
Decision Tree,0.17654555666666666,102218026
Random Forest,0.1116089254373333,102218026
Gradient Boosting,0.11343749685713206,102218026
